{
  "text_image_scores": {
    "receipt_eye_doctor_1ft_bright_clean.jpeg": 0.18199598829443198,
    "receipt_eye_doctor_1ft_bright_clean.jpg": 0.18199598829443198,
    "receipt_eye_doctor_1ft_bright_messy.jpeg": 0.2793515843837535,
    "receipt_eye_doctor_1ft_bright_messy.jpg": 0.2793515843837535,
    "receipt_eye_doctor_1ft_dim_clean.jpeg": 0.15310010723039216,
    "receipt_eye_doctor_1ft_dim_clean.jpg": 0.15310010723039216,
    "receipt_eye_doctor_1ft_dim_messy.jpeg": 0.210289193802521,
    "receipt_eye_doctor_1ft_dim_messy.jpg": 0.210289193802521,
    "receipt_eye_doctor_3ft_bright_clean.jpeg": 0.19261666148272835,
    "receipt_eye_doctor_3ft_bright_clean.jpg": 0.19261666148272835,
    "receipt_eye_doctor_3ft_bright_messy.jpeg": 0.21316824776785714,
    "receipt_eye_doctor_3ft_bright_messy.jpg": 0.21316824776785714,
    "receipt_eye_doctor_3ft_dim_clean.jpeg": 0.13127731064618645,
    "receipt_eye_doctor_3ft_dim_clean.jpg": 0.13127731064618645,
    "receipt_eye_doctor_3ft_dim_messy.jpeg": 0.21450545581698346,
    "receipt_eye_doctor_3ft_dim_messy.jpg": 0.21450545581698346,
    "receipt_eye_doctor_6ft_bright_clean.jpeg": 0.2965741313468159,
    "receipt_eye_doctor_6ft_bright_clean.jpg": 0.2965741313468159,
    "receipt_eye_doctor_6ft_bright_messy.jpeg": 0.31118475016135977,
    "receipt_eye_doctor_6ft_bright_messy.jpg": 0.31118475016135977,
    "receipt_eye_doctor_6ft_dim_clean.jpeg": 0.1962234112394958,
    "receipt_eye_doctor_6ft_dim_clean.jpg": 0.1962234112394958,
    "receipt_eye_doctor_6ft_dim_messy.jpeg": 0.24181957939425772,
    "receipt_eye_doctor_6ft_dim_messy.jpg": 0.24181957939425772,
    "receipt_salon_1ft_bright_clean.jpeg": 0.22425513174019607,
    "receipt_salon_1ft_bright_clean.jpg": 0.22425513174019607,
    "receipt_salon_1ft_bright_messy.jpeg": 0.3022584033613445,
    "receipt_salon_1ft_bright_messy.jpg": 0.3022584033613445,
    "receipt_salon_1ft_dim_clean.jpeg": 0.11456326954925115,
    "receipt_salon_1ft_dim_clean.jpg": 0.11456326954925115,
    "receipt_salon_1ft_dim_messy.jpeg": 0.23699284401260504,
    "receipt_salon_1ft_dim_messy.jpg": 0.23699284401260504,
    "receipt_salon_3ft_bright_clean.jpeg": 0.17337843740851874,
    "receipt_salon_3ft_bright_clean.jpg": 0.17337843740851874,
    "receipt_salon_3ft_bright_messy.jpeg": 0.22416759672619047,
    "receipt_salon_3ft_bright_messy.jpg": 0.22416759672619047,
    "receipt_salon_3ft_dim_clean.jpeg": 0.14073642596243044,
    "receipt_salon_3ft_dim_clean.jpg": 0.14073642596243044,
    "receipt_salon_3ft_dim_messy.jpeg": 0.22277025399229078,
    "receipt_salon_3ft_dim_messy.jpg": 0.22277025399229078,
    "receipt_salon_6ft_bright_clean.jpeg": 0.31959911470190666,
    "receipt_salon_6ft_bright_clean.jpg": 0.31959911470190666,
    "receipt_salon_6ft_bright_messy.jpeg": 0.32341502042365533,
    "receipt_salon_6ft_bright_messy.jpg": 0.32341502042365533,
    "receipt_salon_6ft_dim_clean.jpeg": 0.19500749518557423,
    "receipt_salon_6ft_dim_clean.jpg": 0.19500749518557423,
    "receipt_salon_6ft_dim_messy.jpeg": 0.23629666710434175,
    "receipt_salon_6ft_dim_messy.jpg": 0.23629666710434175
  },
  "textless_image_scores": {
    "glasses_prescription_1ft_bright_clean.jpeg": 0.26827776527053954,
    "glasses_prescription_1ft_bright_clean.jpg": 0.26827776527053954,
    "glasses_prescription_1ft_bright_messy.jpeg": 0.25638321734943975,
    "glasses_prescription_1ft_bright_messy.jpg": 0.25638321734943975,
    "glasses_prescription_1ft_dim_clean.jpeg": 0.2793729707792208,
    "glasses_prescription_1ft_dim_clean.jpg": 0.2793729707792208,
    "glasses_prescription_1ft_dim_messy.jpeg": 0.2386428343658892,
    "glasses_prescription_1ft_dim_messy.jpg": 0.2386428343658892,
    "glasses_prescription_3ft_bright_clean.jpeg": 0.18652314564031683,
    "glasses_prescription_3ft_bright_clean.jpg": 0.18652314564031683,
    "glasses_prescription_3ft_bright_messy.jpeg": 0.23545687806372548,
    "glasses_prescription_3ft_bright_messy.jpg": 0.23545687806372548,
    "glasses_prescription_3ft_dim_clean.jpeg": 0.16196556403398366,
    "glasses_prescription_3ft_dim_clean.jpg": 0.16196556403398366,
    "glasses_prescription_3ft_dim_messy.jpeg": 0.22606459744458132,
    "glasses_prescription_3ft_dim_messy.jpg": 0.22606459744458132,
    "glasses_prescription_6ft_bright_clean.jpeg": 0.3324953422019009,
    "glasses_prescription_6ft_bright_clean.jpg": 0.3324953422019009,
    "glasses_prescription_6ft_bright_messy.jpeg": 0.289315818843985,
    "glasses_prescription_6ft_bright_messy.jpg": 0.289315818843985,
    "glasses_prescription_6ft_dim_clean.jpeg": 0.20201201009394723,
    "glasses_prescription_6ft_dim_clean.jpg": 0.20201201009394723,
    "glasses_prescription_6ft_dim_messy.jpeg": 0.21211293693009117,
    "glasses_prescription_6ft_dim_messy.jpg": 0.21211293693009117,
    "keys_house_1ft_bright_clean.jpeg": 0.20929129464285715,
    "keys_house_1ft_bright_clean.jpg": 0.20929129464285715,
    "keys_house_1ft_bright_messy.jpeg": 0.2868276216736695,
    "keys_house_1ft_bright_messy.jpg": 0.2868276216736695,
    "keys_house_1ft_dim_clean.jpeg": 0.19545884760154061,
    "keys_house_1ft_dim_clean.jpg": 0.19545884760154061,
    "keys_house_1ft_dim_messy.jpeg": 0.23403033088235295,
    "keys_house_1ft_dim_messy.jpg": 0.23403033088235295,
    "keys_house_3ft_bright_clean.jpeg": 0.19908010223765432,
    "keys_house_3ft_bright_clean.jpg": 0.19908010223765432,
    "keys_house_3ft_bright_messy.jpeg": 0.21687848496612083,
    "keys_house_3ft_bright_messy.jpg": 0.21687848496612083,
    "keys_house_3ft_dim_clean.jpeg": 0.16167370516797822,
    "keys_house_3ft_dim_clean.jpg": 0.16167370516797822,
    "keys_house_3ft_dim_messy.jpeg": 0.22150422582992452,
    "keys_house_3ft_dim_messy.jpg": 0.22150422582992452,
    "keys_house_6ft_bright_clean.jpeg": 0.30075799851190477,
    "keys_house_6ft_bright_clean.jpg": 0.30075799851190477,
    "keys_house_6ft_bright_messy.jpeg": 0.30174712431595624,
    "keys_house_6ft_bright_messy.jpg": 0.30174712431595624,
    "keys_house_6ft_dim_clean.jpeg": 0.2301842612044818,
    "keys_house_6ft_dim_clean.jpg": 0.2301842612044818,
    "keys_house_6ft_dim_messy.jpeg": 0.23959017200630253,
    "keys_house_6ft_dim_messy.jpg": 0.23959017200630253,
    "keys_safe_1ft_bright_clean.jpeg": 0.31502154967705165,
    "keys_safe_1ft_bright_clean.jpg": 0.31502154967705165,
    "keys_safe_1ft_bright_messy.jpeg": 0.2998443518032213,
    "keys_safe_1ft_bright_messy.jpg": 0.2998443518032213,
    "keys_safe_1ft_dim_clean.jpeg": 0.21452985491071427,
    "keys_safe_1ft_dim_clean.jpg": 0.21452985491071427,
    "keys_safe_1ft_dim_messy.jpeg": 0.22162843932215742,
    "keys_safe_1ft_dim_messy.jpg": 0.22162843932215742,
    "keys_safe_3ft_bright_clean.jpeg": 0.1933857455901568,
    "keys_safe_3ft_bright_clean.jpg": 0.1933857455901568,
    "keys_safe_3ft_bright_messy.jpeg": 0.2301489482826901,
    "keys_safe_3ft_bright_messy.jpg": 0.2301489482826901,
    "keys_safe_3ft_dim_clean.jpeg": 0.1583898476489395,
    "keys_safe_3ft_dim_clean.jpg": 0.1583898476489395,
    "keys_safe_3ft_dim_messy.jpeg": 0.21508334142080746,
    "keys_safe_3ft_dim_messy.jpg": 0.21508334142080746,
    "keys_safe_6ft_bright_clean.jpeg": 0.309578502295402,
    "keys_safe_6ft_bright_clean.jpg": 0.309578502295402,
    "keys_safe_6ft_bright_messy.jpeg": 0.2928463237973761,
    "keys_safe_6ft_bright_messy.jpg": 0.2928463237973761,
    "keys_safe_6ft_dim_clean.jpeg": 0.19842819940476192,
    "keys_safe_6ft_dim_clean.jpg": 0.19842819940476192,
    "keys_safe_6ft_dim_messy.jpeg": 0.2379311099439776,
    "keys_safe_6ft_dim_messy.jpg": 0.2379311099439776,
    "magnesium_bottle_1ft_bright_clean.jpeg": 0.23969230005296613,
    "magnesium_bottle_1ft_bright_clean.jpg": 0.23969230005296613,
    "magnesium_bottle_1ft_bright_messy.jpeg": 0.26273087359943975,
    "magnesium_bottle_1ft_bright_messy.jpg": 0.26273087359943975,
    "magnesium_bottle_1ft_dim_clean.jpeg": 0.21953781512605042,
    "magnesium_bottle_1ft_dim_clean.jpg": 0.21953781512605042,